{
  "method": {
    "name": "flickr.tags.getClusters",
    "needslogin": 0,
    "needssigning": 0,
    "requiredperms": 0,
    "description": {
      "_content": "Gives you a list of tag clusters for the given tag."
    },
    "response": {
      "_content": "<clusters source=\"cows\" total=\"2\">\r\n\t<cluster total=\"3\">\r\n\t\t<tag>farm</tag>\r\n\t\t<tag>animals</tag>\r\n\t\t<tag>cattle</tag>\r\n\t</cluster>\r\n\t<cluster total=\"3\">\r\n\t\t<tag>green</tag>\r\n\t\t<tag>landscape</tag>\r\n\t\t<tag>countryside</tag>\r\n\t</cluster>\r\n</clusters>"
    }
  },
  "arguments": {
    "argument": [
      {
        "name": "api_key",
        "optional": 0,
        "_content": "Your API application key. <a href=\"/services/api/misc.api_keys.html\">See here</a> for more details."
      },
      {
        "name": "tag",
        "optional": "0",
        "_content": "The tag to fetch clusters for."
      }
    ]
  },
  "errors": {
    "error": [
      {
        "code": "1",
        "message": "Tag cluster not found",
        "_content": "The tag was invalid or no cluster exists for that tag."
      },
      {
        "code": 100,
        "message": "Invalid API Key",
        "_content": "The API key passed was not valid or has expired."
      },
      {
        "code": 105,
        "message": "Service currently unavailable",
        "_content": "The requested service is temporarily unavailable."
      },
      {
        "code": 106,
        "message": "Write operation failed",
        "_content": "The requested operation failed due to a temporary issue."
      },
      {
        "code": 111,
        "message": "Format \"xxx\" not found",
        "_content": "The requested response format was not found."
      },
      {
        "code": 112,
        "message": "Method \"xxx\" not found",
        "_content": "The requested method was not found."
      },
      {
        "code": 114,
        "message": "Invalid SOAP envelope",
        "_content": "The SOAP envelope send in the request could not be parsed."
      },
      {
        "code": 115,
        "message": "Invalid XML-RPC Method Call",
        "_content": "The XML-RPC request document could not be parsed."
      },
      {
        "code": 116,
        "message": "Bad URL found",
        "_content": "One or more arguments contained a URL that has been used for abuse on Flickr."
      }
    ]
  },
  "stat": "ok"
}