{
  "method": {
    "name": "flickr.photos.getFavorites",
    "needslogin": 0,
    "needssigning": 0,
    "requiredperms": 0,
    "description": {
      "_content": "Returns the list of people who have favorited a given photo."
    },
    "response": {
      "_content": "<photo id=\"1253576\" secret=\"81b96be690\" server=\"1\" farm=\"1\"\r\n\tpage=\"1\" pages=\"3\" perpage=\"10\" total=\"27\">\r\n\t<person nsid=\"33939862@N00\" username=\"Dementation\" favedate=\"1166689690\"/>\r\n\t<person nsid=\"49485425@N00\" username=\"indigenous_prodigy\" favedate=\"1166573724\"/>\r\n\t<person nsid=\"46834205@N00\" username=\"smaaz\" favedate=\"1161874052\"/>\r\n\t<person nsid=\"95626108@N00\" username=\"chrome Foxpuppy\" favedate=\"1160528154\"/>\r\n\t<person nsid=\"44991966@N00\" username=\"getnoid\" favedate=\"1159828789\"/>\r\n\t<person nsid=\"92544710@N00\" username=\"miss_rogue\" favedate=\"1158034266\"/>\r\n\t<person nsid=\"50944224@N00\" username=\"Infollatus\" favedate=\"1155317436\"/>\r\n\t<person nsid=\"80544408@N00\" username=\"DafyddLlyr\" favedate=\"1148511763\"/>\r\n\t<person nsid=\"31154299@N00\" username=\"c r i s\" favedate=\"1143085224\"/>\r\n\t<person nsid=\"54309070@N00\" username=\"Shinayaker\" favedate=\"1142584219\"/>\r\n</photo>"
    }
  },
  "arguments": {
    "argument": [
      {
        "name": "api_key",
        "optional": 0,
        "_content": "Your API application key. <a href=\"/services/api/misc.api_keys.html\">See here</a> for more details."
      },
      {
        "name": "photo_id",
        "optional": "0",
        "_content": "The ID of the photo to fetch the favoriters list for."
      },
      {
        "name": "page",
        "optional": "1",
        "_content": "The page of results to return. If this argument is omitted, it defaults to 1."
      },
      {
        "name": "per_page",
        "optional": "1",
        "_content": "Number of usres to return per page. If this argument is omitted, it defaults to 10. The maximum allowed value is 50."
      }
    ]
  },
  "errors": {
    "error": [
      {
        "code": "1",
        "message": "Photo not found",
        "_content": "The specified photo does not exist, or the calling user does not have permission to view it."
      },
      {
        "code": 100,
        "message": "Invalid API Key",
        "_content": "The API key passed was not valid or has expired."
      },
      {
        "code": 105,
        "message": "Service currently unavailable",
        "_content": "The requested service is temporarily unavailable."
      },
      {
        "code": 106,
        "message": "Write operation failed",
        "_content": "The requested operation failed due to a temporary issue."
      },
      {
        "code": 111,
        "message": "Format \"xxx\" not found",
        "_content": "The requested response format was not found."
      },
      {
        "code": 112,
        "message": "Method \"xxx\" not found",
        "_content": "The requested method was not found."
      },
      {
        "code": 114,
        "message": "Invalid SOAP envelope",
        "_content": "The SOAP envelope send in the request could not be parsed."
      },
      {
        "code": 115,
        "message": "Invalid XML-RPC Method Call",
        "_content": "The XML-RPC request document could not be parsed."
      },
      {
        "code": 116,
        "message": "Bad URL found",
        "_content": "One or more arguments contained a URL that has been used for abuse on Flickr."
      }
    ]
  },
  "stat": "ok"
}