{
  "method": {
    "name": "flickr.people.getPublicGroups",
    "needslogin": 0,
    "needssigning": 0,
    "requiredperms": 0,
    "description": {
      "_content": "Returns the list of public groups a user is a member of."
    },
    "response": {
      "_content": "<groups>\r\n\t<group nsid=\"34427469792@N01\" name=\"FlickrCentral\"\r\n\t\tadmin=\"0\" eighteenplus=\"0\" invitation_only=\"0\" /> \r\n\t<group nsid=\"37114057624@N01\" name=\"Cal's Test Group\"\r\n\t\tadmin=\"1\" eighteenplus=\"0\" invitation_only=\"1\" /> \r\n\t<group nsid=\"34955637532@N01\" name=\"18+ Group\"\r\n\t\tadmin=\"1\" eighteenplus=\"1\" invitation_only=\"0\" /> \r\n</groups>"
    },
    "explanation": {
      "_content": "<p>The <code>admin</code> attribute indicates whether the user is an administrator of the group. The <code>eighteenplus</code> attribute indicates if the group is visible to members over 18 only. The <code>invite_only</code> attribute indicates whether a user can join the group without administrator approval.</p>"
    }
  },
  "arguments": {
    "argument": [
      {
        "name": "api_key",
        "optional": 0,
        "_content": "Your API application key. <a href=\"/services/api/misc.api_keys.html\">See here</a> for more details."
      },
      {
        "name": "user_id",
        "optional": "0",
        "_content": "The NSID of the user to fetch groups for."
      },
      {
        "name": "invitation_only",
        "optional": "1",
        "_content": "Include public groups that require <a href=\"http://www.flickr.com/help/groups/#10\">an invitation</a> or administrator approval to join."
      }
    ]
  },
  "errors": {
    "error": [
      {
        "code": "1",
        "message": "User not found",
        "_content": "The user id passed did not match a Flickr user."
      },
      {
        "code": 100,
        "message": "Invalid API Key",
        "_content": "The API key passed was not valid or has expired."
      },
      {
        "code": 105,
        "message": "Service currently unavailable",
        "_content": "The requested service is temporarily unavailable."
      },
      {
        "code": 106,
        "message": "Write operation failed",
        "_content": "The requested operation failed due to a temporary issue."
      },
      {
        "code": 111,
        "message": "Format \"xxx\" not found",
        "_content": "The requested response format was not found."
      },
      {
        "code": 112,
        "message": "Method \"xxx\" not found",
        "_content": "The requested method was not found."
      },
      {
        "code": 114,
        "message": "Invalid SOAP envelope",
        "_content": "The SOAP envelope send in the request could not be parsed."
      },
      {
        "code": 115,
        "message": "Invalid XML-RPC Method Call",
        "_content": "The XML-RPC request document could not be parsed."
      },
      {
        "code": 116,
        "message": "Bad URL found",
        "_content": "One or more arguments contained a URL that has been used for abuse on Flickr."
      }
    ]
  },
  "stat": "ok"
}