{
  "method": {
    "name": "flickr.photos.getExif",
    "needslogin": 0,
    "needssigning": 0,
    "requiredperms": 0,
    "description": {
      "_content": "Retrieves a list of EXIF/TIFF/GPS tags for a given photo. The calling user must have permission to view the photo."
    },
    "response": {
      "_content": "<photo id=\"4424\" secret=\"06b8e43bc7\" server=\"2\">\r\n\t<exif tagspace=\"TIFF\" tagspaceid=\"1\" tag=\"271\" label=\"Manufacturer\">\r\n\t\t<raw>Canon</raw>\r\n\t</exif>\r\n\t<exif tagspace=\"EXIF\" tagspaceid=\"0\" tag=\"33437\" label=\"Aperture\">\r\n\t\t<raw>90/10</raw>\r\n\t\t<clean>f/9</clean>\r\n\t</exif>\r\n\t<exif tagspace=\"GPS\" tagspaceid=\"3\" tag=\"4\" label=\"Longitude\">\r\n\t\t<raw>64/1, 42/1, 4414/100</raw>\r\n\t\t<clean>64° 42' 44.14\"</clean>\r\n\t</exif>\r\n</photo>\r\n"
    },
    "explanation": {
      "_content": "<p>The <code>&lt;clean&gt;</code> element contains a pretty-formatted version of the tag where availabale.</p>"
    }
  },
  "arguments": {
    "argument": [
      {
        "name": "api_key",
        "optional": 0,
        "_content": "Your API application key. <a href=\"/services/api/misc.api_keys.html\">See here</a> for more details."
      },
      {
        "name": "photo_id",
        "optional": "0",
        "_content": "The id of the photo to fetch information for."
      },
      {
        "name": "secret",
        "optional": "1",
        "_content": "The secret for the photo. If the correct secret is passed then permissions checking is skipped. This enables the 'sharing' of individual photos by passing around the id and secret."
      }
    ]
  },
  "errors": {
    "error": [
      {
        "code": "1",
        "message": "Photo not found",
        "_content": "The photo id was either invalid or was for a photo not viewable by the calling user."
      },
      {
        "code": "2",
        "message": "Permission denied",
        "_content": "The owner of the photo does not want to share EXIF data."
      },
      {
        "code": 100,
        "message": "Invalid API Key",
        "_content": "The API key passed was not valid or has expired."
      },
      {
        "code": 105,
        "message": "Service currently unavailable",
        "_content": "The requested service is temporarily unavailable."
      },
      {
        "code": 106,
        "message": "Write operation failed",
        "_content": "The requested operation failed due to a temporary issue."
      },
      {
        "code": 111,
        "message": "Format \"xxx\" not found",
        "_content": "The requested response format was not found."
      },
      {
        "code": 112,
        "message": "Method \"xxx\" not found",
        "_content": "The requested method was not found."
      },
      {
        "code": 114,
        "message": "Invalid SOAP envelope",
        "_content": "The SOAP envelope send in the request could not be parsed."
      },
      {
        "code": 115,
        "message": "Invalid XML-RPC Method Call",
        "_content": "The XML-RPC request document could not be parsed."
      },
      {
        "code": 116,
        "message": "Bad URL found",
        "_content": "One or more arguments contained a URL that has been used for abuse on Flickr."
      }
    ]
  },
  "stat": "ok"
}