{
  "method": {
    "name": "flickr.places.placesForContacts",
    "needslogin": 1,
    "needssigning": 1,
    "requiredperms": "1",
    "description": {
      "_content": "Return a list of the top 100 unique places clustered by a given placetype for a user's contacts. "
    },
    "response": {
      "_content": "<places total=\"1\">\r\n   <place place_id=\"kH8dLOubBZRvX_YZ\" woeid=\"2487956\"\r\n               latitude=\"37.779\" longitude=\"-122.420\"\r\n               place_url=\"/United+States/California/San+Francisco\"\r\n               place_type=\"locality\"\r\n               photo_count=\"156\">San Francisco, California</place>\r\n</places>"
    }
  },
  "arguments": {
    "argument": [
      {
        "name": "api_key",
        "optional": 0,
        "_content": "Your API application key. <a href=\"/services/api/misc.api_keys.html\">See here</a> for more details."
      },
      {
        "name": "place_type",
        "optional": "1",
        "_content": "A specific place type to cluster photos by. <br /><br />\r\n\r\nValid place types are :\r\n\r\n<ul>\r\n<li><strong>neighbourhood</strong> (and neighborhood)</li>\r\n<li><strong>locality</strong></li>\r\n<li><strong>region</strong></li>\r\n<li><strong>country</strong></li>\r\n<li><strong>continent</strong></li>\r\n</ul>\r\n<br />\r\n<span style=\"font-style:italic;\">The \"place_type\" argument has been deprecated in favor of the \"place_type_id\" argument. It won't go away but it will not be added to new methods. A complete list of place type IDs is available using the <a href=\"http://www.flickr.com/services/api/flickr.places.getPlaceTypes.html\">flickr.places.getPlaceTypes</a> method. (While optional, you must pass either a valid place type or place type ID.)</span>"
      },
      {
        "name": "place_type_id",
        "optional": "1",
        "_content": "The numeric ID for a specific place type to cluster photos by. <br /><br />\r\n\r\nValid place type IDs are :\r\n\r\n<ul>\r\n<li><strong>22</strong>: neighbourhood</li>\r\n<li><strong>7</strong>: locality</li>\r\n<li><strong>8</strong>: region</li>\r\n<li><strong>12</strong>: country</li>\r\n<li><strong>29</strong>: continent</li>\r\n</ul>\r\n<br /><span style=\"font-style:italic;\">(While optional, you must pass either a valid place type or place type ID.)</span>"
      },
      {
        "name": "woe_id",
        "optional": "1",
        "_content": "A Where on Earth identifier to use to filter photo clusters. For example all the photos clustered by <strong>locality</strong> in the United States (WOE ID <strong>23424977</strong>).<br /><br />\r\n<span style=\"font-style:italic;\">(While optional, you must pass either a valid Places ID or a WOE ID.)</span>"
      },
      {
        "name": "place_id",
        "optional": "1",
        "_content": "A Flickr Places identifier to use to filter photo clusters. For example all the photos clustered by <strong>locality</strong> in the United States (Place ID <strong>4KO02SibApitvSBieQ</strong>).\r\n<br /><br />\r\n<span style=\"font-style:italic;\">(While optional, you must pass either a valid Places ID or a WOE ID.)</span>"
      },
      {
        "name": "threshold",
        "optional": "1",
        "_content": "The minimum number of photos that a place type must have to be included. If the number of photos is lowered then the parent place type for that place will be used.<br /><br />\r\n\r\nFor example if your contacts only have <strong>3</strong> photos taken in the locality of Montreal</strong> (WOE ID 3534) but your threshold is set to <strong>5</strong> then those photos will be \"rolled up\" and included instead with a place record for the region of Quebec (WOE ID 2344924)."
      },
      {
        "name": "contacts",
        "optional": "1",
        "_content": "Search your contacts. Either 'all' or 'ff' for just friends and family. (Default is all)"
      },
      {
        "name": "min_upload_date",
        "optional": "1",
        "_content": "Minimum upload date. Photos with an upload date greater than or equal to this value will be returned. The date should be in the form of a unix timestamp."
      },
      {
        "name": "max_upload_date",
        "optional": "1",
        "_content": "Maximum upload date. Photos with an upload date less than or equal to this value will be returned. The date should be in the form of a unix timestamp."
      },
      {
        "name": "min_taken_date",
        "optional": "1",
        "_content": "Minimum taken date. Photos with an taken date greater than or equal to this value will be returned. The date should be in the form of a mysql datetime."
      },
      {
        "name": "max_taken_date",
        "optional": "1",
        "_content": "Maximum taken date. Photos with an taken date less than or equal to this value will be returned. The date should be in the form of a mysql datetime."
      }
    ]
  },
  "errors": {
    "error": [
      {
        "code": "1",
        "message": "Places for contacts are not available at this time",
        "_content": "Places for contacts have been disabled or are otherwise not available."
      },
      {
        "code": "2",
        "message": "Required parameter missing",
        "_content": "One or more of the required parameters was not included with your request."
      },
      {
        "code": "3",
        "message": "Not a valid place type.",
        "_content": "An invalid place type was included with your request."
      },
      {
        "code": "4",
        "message": "Not a valid Place ID",
        "_content": "An invalid Places (or WOE) identifier was included with your request."
      },
      {
        "code": "5",
        "message": "Not a valid threshold",
        "_content": "The threshold passed was invalid. "
      },
      {
        "code": "6",
        "message": "Not a valid contacts type",
        "_content": "Contacts must be either \"all\" or \"ff\" (friends and family)."
      },
      {
        "code": 95,
        "message": "SSL is required",
        "_content": "SSL is required to access the Flickr API."
      },
      {
        "code": 96,
        "message": "Invalid signature",
        "_content": "The passed signature was invalid."
      },
      {
        "code": 97,
        "message": "Missing signature",
        "_content": "The call required signing but no signature was sent."
      },
      {
        "code": 98,
        "message": "Login failed / Invalid auth token",
        "_content": "The login details or auth token passed were invalid."
      },
      {
        "code": 99,
        "message": "User not logged in / Insufficient permissions",
        "_content": "The method requires user authentication but the user was not logged in, or the authenticated method call did not have the required permissions."
      },
      {
        "code": 100,
        "message": "Invalid API Key",
        "_content": "The API key passed was not valid or has expired."
      },
      {
        "code": 105,
        "message": "Service currently unavailable",
        "_content": "The requested service is temporarily unavailable."
      },
      {
        "code": 106,
        "message": "Write operation failed",
        "_content": "The requested operation failed due to a temporary issue."
      },
      {
        "code": 111,
        "message": "Format \"xxx\" not found",
        "_content": "The requested response format was not found."
      },
      {
        "code": 112,
        "message": "Method \"xxx\" not found",
        "_content": "The requested method was not found."
      },
      {
        "code": 114,
        "message": "Invalid SOAP envelope",
        "_content": "The SOAP envelope send in the request could not be parsed."
      },
      {
        "code": 115,
        "message": "Invalid XML-RPC Method Call",
        "_content": "The XML-RPC request document could not be parsed."
      },
      {
        "code": 116,
        "message": "Bad URL found",
        "_content": "One or more arguments contained a URL that has been used for abuse on Flickr."
      }
    ]
  },
  "stat": "ok"
}