{
  "method": {
    "name": "flickr.reflection.getMethodInfo",
    "needslogin": 0,
    "needssigning": 0,
    "requiredperms": 0,
    "description": {
      "_content": "Returns information for a given flickr API method."
    },
    "response": {
      "_content": "<method name=\"flickr.fakeMethod\" needslogin=\"1\">\r\n\t<description>A fake method</description> \r\n\t<response>xml-response-example</response> \r\n\t<explanation>explanation of example response</explanation> \r\n\t<arguments>\r\n\t\t<argument name=\"api_key\" optional=\"0\">\r\n\t\t\tYou API application key.</argument> \r\n\t\t<argument name=\"color\" optional=\"1\">\r\n\t\t\tYour favorite color.</argument> \r\n\t</arguments>\r\n\t<errors>\r\n\t\t<error code=\"1\" message=\"Photo not found\">\r\n\t\t\tFull explanation...</error> \r\n\t\t<error code=\"100\" message=\"Invalid API Key\">\r\n\t\t\tFull explanation...</error> \r\n\t</errors>\r\n</method>\r\n"
    }
  },
  "arguments": {
    "argument": [
      {
        "name": "api_key",
        "optional": 0,
        "_content": "Your API application key. <a href=\"/services/api/misc.api_keys.html\">See here</a> for more details."
      },
      {
        "name": "method_name",
        "optional": "0",
        "_content": "The name of the method to fetch information for."
      }
    ]
  },
  "errors": {
    "error": [
      {
        "code": "1",
        "message": "Method not found",
        "_content": "The requested method was not found."
      },
      {
        "code": 100,
        "message": "Invalid API Key",
        "_content": "The API key passed was not valid or has expired."
      },
      {
        "code": 105,
        "message": "Service currently unavailable",
        "_content": "The requested service is temporarily unavailable."
      },
      {
        "code": 106,
        "message": "Write operation failed",
        "_content": "The requested operation failed due to a temporary issue."
      },
      {
        "code": 111,
        "message": "Format \"xxx\" not found",
        "_content": "The requested response format was not found."
      },
      {
        "code": 112,
        "message": "Method \"xxx\" not found",
        "_content": "The requested method was not found."
      },
      {
        "code": 114,
        "message": "Invalid SOAP envelope",
        "_content": "The SOAP envelope send in the request could not be parsed."
      },
      {
        "code": 115,
        "message": "Invalid XML-RPC Method Call",
        "_content": "The XML-RPC request document could not be parsed."
      },
      {
        "code": 116,
        "message": "Bad URL found",
        "_content": "One or more arguments contained a URL that has been used for abuse on Flickr."
      }
    ]
  },
  "stat": "ok"
}