{
  "method": {
    "name": "flickr.favorites.getContext",
    "needslogin": 0,
    "needssigning": 0,
    "requiredperms": 0,
    "description": {
      "_content": "Returns next and previous favorites for a photo in a user's favorites."
    },
    "response": {
      "_content": "<rsp stat='ok'>\r\n<count>3</count>\r\n<prevphoto id=\"2980\" secret=\"973da1e709\"\r\n\ttitle=\"boo!\" url=\"/photos/bees/2980/\" /> \r\n<nextphoto id=\"2985\" secret=\"059b664012\"\r\n\ttitle=\"Amsterdam Amstel\" url=\"/photos/bees/2985/\" />\r\n</rsp>"
    },
    "explanation": {
      "_content": "<p>See <a href=\"/services/api/flickr.photos.getContext.html\">flickr.photos.getContext</a></p>"
    }
  },
  "arguments": {
    "argument": [
      {
        "name": "api_key",
        "optional": 0,
        "_content": "Your API application key. <a href=\"/services/api/misc.api_keys.html\">See here</a> for more details."
      },
      {
        "name": "photo_id",
        "optional": "0",
        "_content": "The id of the photo to fetch the context for."
      },
      {
        "name": "user_id",
        "optional": "0",
        "_content": "The user who counts the photo as a favorite."
      }
    ]
  },
  "errors": {
    "error": [
      {
        "code": "1",
        "message": "Photo not found",
        "_content": "The photo id passed was not a valid photo id, or was the id of a photo that the calling user does not have permission to view."
      },
      {
        "code": "2",
        "message": "User not found",
        "_content": "The specified user was not found."
      },
      {
        "code": "3",
        "message": "Photo not a favorite",
        "_content": "The specified photo is not a favorite of the specified user."
      },
      {
        "code": 100,
        "message": "Invalid API Key",
        "_content": "The API key passed was not valid or has expired."
      },
      {
        "code": 105,
        "message": "Service currently unavailable",
        "_content": "The requested service is temporarily unavailable."
      },
      {
        "code": 106,
        "message": "Write operation failed",
        "_content": "The requested operation failed due to a temporary issue."
      },
      {
        "code": 111,
        "message": "Format \"xxx\" not found",
        "_content": "The requested response format was not found."
      },
      {
        "code": 112,
        "message": "Method \"xxx\" not found",
        "_content": "The requested method was not found."
      },
      {
        "code": 114,
        "message": "Invalid SOAP envelope",
        "_content": "The SOAP envelope send in the request could not be parsed."
      },
      {
        "code": 115,
        "message": "Invalid XML-RPC Method Call",
        "_content": "The XML-RPC request document could not be parsed."
      },
      {
        "code": 116,
        "message": "Bad URL found",
        "_content": "One or more arguments contained a URL that has been used for abuse on Flickr."
      }
    ]
  },
  "stat": "ok"
}