{
  "method": {
    "name": "flickr.tags.getListUserPopular",
    "needslogin": 0,
    "needssigning": 0,
    "requiredperms": 0,
    "description": {
      "_content": "Get the popular tags for a given user (or the currently logged in user)."
    },
    "response": {
      "_content": "<who id=\"12037949754@N01\">\r\n\t<tags>\r\n\t\t<tag count=\"10\">bar</tag> \r\n\t\t<tag count=\"11\">foo</tag> \r\n\t\t<tag count=\"147\">gull</tag> \r\n\t\t<tag count=\"3\">tags</tag> \r\n\t\t<tag count=\"3\">test</tag> \r\n\t</tags>\r\n</who>"
    }
  },
  "arguments": {
    "argument": [
      {
        "name": "api_key",
        "optional": 0,
        "_content": "Your API application key. <a href=\"/services/api/misc.api_keys.html\">See here</a> for more details."
      },
      {
        "name": "user_id",
        "optional": "1",
        "_content": "The NSID of the user to fetch the tag list for. If this argument is not specified, the currently logged in user (if any) is assumed."
      },
      {
        "name": "count",
        "optional": "1",
        "_content": "Number of popular tags to return. defaults to 10 when this argument is not present."
      }
    ]
  },
  "errors": {
    "error": [
      {
        "code": "1",
        "message": "User not found",
        "_content": "The user NSID passed was not a valid user NSID and the calling user was not logged in.\r\n"
      },
      {
        "code": 100,
        "message": "Invalid API Key",
        "_content": "The API key passed was not valid or has expired."
      },
      {
        "code": 105,
        "message": "Service currently unavailable",
        "_content": "The requested service is temporarily unavailable."
      },
      {
        "code": 106,
        "message": "Write operation failed",
        "_content": "The requested operation failed due to a temporary issue."
      },
      {
        "code": 111,
        "message": "Format \"xxx\" not found",
        "_content": "The requested response format was not found."
      },
      {
        "code": 112,
        "message": "Method \"xxx\" not found",
        "_content": "The requested method was not found."
      },
      {
        "code": 114,
        "message": "Invalid SOAP envelope",
        "_content": "The SOAP envelope send in the request could not be parsed."
      },
      {
        "code": 115,
        "message": "Invalid XML-RPC Method Call",
        "_content": "The XML-RPC request document could not be parsed."
      },
      {
        "code": 116,
        "message": "Bad URL found",
        "_content": "One or more arguments contained a URL that has been used for abuse on Flickr."
      }
    ]
  },
  "stat": "ok"
}