{
  "method": {
    "name": "flickr.galleries.create",
    "needslogin": 1,
    "needssigning": 1,
    "requiredperms": "2",
    "description": {
      "_content": "Create a new gallery for the calling user."
    },
    "response": {
      "_content": "  <gallery id=\"50736-72157623680420409\" url=\"http://www.flickr.com/photos/kellan/galleries/72157623680420409\" /> \r\n"
    },
    "explanation": {
      "_content": "The ID of the newly created gallery, and its URL."
    }
  },
  "arguments": {
    "argument": [
      {
        "name": "api_key",
        "optional": 0,
        "_content": "Your API application key. <a href=\"/services/api/misc.api_keys.html\">See here</a> for more details."
      },
      {
        "name": "title",
        "optional": "0",
        "_content": "The name of the gallery"
      },
      {
        "name": "description",
        "optional": "0",
        "_content": "A short description for the gallery"
      },
      {
        "name": "primary_photo_id",
        "optional": "1",
        "_content": "The first photo to add to your gallery"
      },
      {
        "name": "full_result",
        "optional": "1",
        "_content": "Get the result in the same format as galleries.getList"
      }
    ]
  },
  "errors": {
    "error": [
      {
        "code": "1",
        "message": "Required parameter missing",
        "_content": "One or more of the required parameters was missing from your API call."
      },
      {
        "code": "2",
        "message": "Invalid title or description",
        "_content": "The title or the description could not be validated."
      },
      {
        "code": "3",
        "message": "Failed to add gallery",
        "_content": "There was a problem creating the gallery."
      },
      {
        "code": 95,
        "message": "SSL is required",
        "_content": "SSL is required to access the Flickr API."
      },
      {
        "code": 96,
        "message": "Invalid signature",
        "_content": "The passed signature was invalid."
      },
      {
        "code": 97,
        "message": "Missing signature",
        "_content": "The call required signing but no signature was sent."
      },
      {
        "code": 98,
        "message": "Login failed / Invalid auth token",
        "_content": "The login details or auth token passed were invalid."
      },
      {
        "code": 99,
        "message": "User not logged in / Insufficient permissions",
        "_content": "The method requires user authentication but the user was not logged in, or the authenticated method call did not have the required permissions."
      },
      {
        "code": 100,
        "message": "Invalid API Key",
        "_content": "The API key passed was not valid or has expired."
      },
      {
        "code": 105,
        "message": "Service currently unavailable",
        "_content": "The requested service is temporarily unavailable."
      },
      {
        "code": 106,
        "message": "Write operation failed",
        "_content": "The requested operation failed due to a temporary issue."
      },
      {
        "code": 111,
        "message": "Format \"xxx\" not found",
        "_content": "The requested response format was not found."
      },
      {
        "code": 112,
        "message": "Method \"xxx\" not found",
        "_content": "The requested method was not found."
      },
      {
        "code": 114,
        "message": "Invalid SOAP envelope",
        "_content": "The SOAP envelope send in the request could not be parsed."
      },
      {
        "code": 115,
        "message": "Invalid XML-RPC Method Call",
        "_content": "The XML-RPC request document could not be parsed."
      },
      {
        "code": 116,
        "message": "Bad URL found",
        "_content": "One or more arguments contained a URL that has been used for abuse on Flickr."
      }
    ]
  },
  "stat": "ok"
}