{
  "method": {
    "name": "flickr.urls.getUserProfile",
    "needslogin": 0,
    "needssigning": 0,
    "requiredperms": 0,
    "description": {
      "_content": "Returns the url to a user's profile."
    },
    "response": {
      "_content": "<user nsid=\"12037949754@N01\" url=\"http://www.flickr.com/people/bees/\" />"
    }
  },
  "arguments": {
    "argument": [
      {
        "name": "api_key",
        "optional": 0,
        "_content": "Your API application key. <a href=\"/services/api/misc.api_keys.html\">See here</a> for more details."
      },
      {
        "name": "user_id",
        "optional": "1",
        "_content": "The NSID of the user to fetch the url for. If omitted, the calling user is assumed."
      }
    ]
  },
  "errors": {
    "error": [
      {
        "code": "1",
        "message": "User not found",
        "_content": "The NSID specified was not a valid user."
      },
      {
        "code": "2",
        "message": "No user specified",
        "_content": "No user_id was passed and the calling user was not logged in."
      },
      {
        "code": 100,
        "message": "Invalid API Key",
        "_content": "The API key passed was not valid or has expired."
      },
      {
        "code": 105,
        "message": "Service currently unavailable",
        "_content": "The requested service is temporarily unavailable."
      },
      {
        "code": 106,
        "message": "Write operation failed",
        "_content": "The requested operation failed due to a temporary issue."
      },
      {
        "code": 111,
        "message": "Format \"xxx\" not found",
        "_content": "The requested response format was not found."
      },
      {
        "code": 112,
        "message": "Method \"xxx\" not found",
        "_content": "The requested method was not found."
      },
      {
        "code": 114,
        "message": "Invalid SOAP envelope",
        "_content": "The SOAP envelope send in the request could not be parsed."
      },
      {
        "code": 115,
        "message": "Invalid XML-RPC Method Call",
        "_content": "The XML-RPC request document could not be parsed."
      },
      {
        "code": 116,
        "message": "Bad URL found",
        "_content": "One or more arguments contained a URL that has been used for abuse on Flickr."
      }
    ]
  },
  "stat": "ok"
}