{
  "method": {
    "name": "flickr.stats.getCSVFiles",
    "needslogin": 1,
    "needssigning": 1,
    "requiredperms": "1",
    "description": {
      "_content": "Returns a list of URLs for text files containing <i>all</i> your stats data (from November 26th 2007 onwards) for the currently auth'd user.\r\n\r\n<b>Please note, these files will only be available until June 1, 2010 Noon PDT.</b> \r\nFor more information <a href=\"/help/stats/#1369409\">please check out this FAQ</a>, or just <a href=\"/photos/me/stats/downloads/\">go download your files</a>."
    },
    "response": {
      "_content": "<stats> \r\n   <csvfiles> \r\n      <csv href=\"http://farm4.static.flickr.com/3496/stats/72157623902771865_faaa.csv\" type=\"daily\" date=\"2010-04-01\" /> \r\n      <csv href=\"http://farm4.static.flickr.com/3376/stats/72157624027152370_fbbb.csv\" type=\"monthly\" date=\"2010-04-01\" /> \r\n      <csv href=\"http://farm5.static.flickr.com/4006/stats/72157623627769689_fccc.csv\" type=\"daily\" date=\"2010-03-01\" /> \r\n      ....\r\n    </csvfiles> \r\n</stats>"
    }
  },
  "arguments": {
    "argument": [
      {
        "name": "api_key",
        "optional": 0,
        "_content": "Your API application key. <a href=\"/services/api/misc.api_keys.html\">See here</a> for more details."
      }
    ]
  },
  "errors": {
    "error": [
      {
        "code": 95,
        "message": "SSL is required",
        "_content": "SSL is required to access the Flickr API."
      },
      {
        "code": 96,
        "message": "Invalid signature",
        "_content": "The passed signature was invalid."
      },
      {
        "code": 97,
        "message": "Missing signature",
        "_content": "The call required signing but no signature was sent."
      },
      {
        "code": 98,
        "message": "Login failed / Invalid auth token",
        "_content": "The login details or auth token passed were invalid."
      },
      {
        "code": 99,
        "message": "User not logged in / Insufficient permissions",
        "_content": "The method requires user authentication but the user was not logged in, or the authenticated method call did not have the required permissions."
      },
      {
        "code": 100,
        "message": "Invalid API Key",
        "_content": "The API key passed was not valid or has expired."
      },
      {
        "code": 105,
        "message": "Service currently unavailable",
        "_content": "The requested service is temporarily unavailable."
      },
      {
        "code": 106,
        "message": "Write operation failed",
        "_content": "The requested operation failed due to a temporary issue."
      },
      {
        "code": 111,
        "message": "Format \"xxx\" not found",
        "_content": "The requested response format was not found."
      },
      {
        "code": 112,
        "message": "Method \"xxx\" not found",
        "_content": "The requested method was not found."
      },
      {
        "code": 114,
        "message": "Invalid SOAP envelope",
        "_content": "The SOAP envelope send in the request could not be parsed."
      },
      {
        "code": 115,
        "message": "Invalid XML-RPC Method Call",
        "_content": "The XML-RPC request document could not be parsed."
      },
      {
        "code": 116,
        "message": "Bad URL found",
        "_content": "One or more arguments contained a URL that has been used for abuse on Flickr."
      }
    ]
  },
  "stat": "ok"
}