{
  "method": {
    "name": "flickr.places.findByLatLon",
    "needslogin": 0,
    "needssigning": 0,
    "requiredperms": 0,
    "description": {
      "_content": "Return a place ID for a latitude, longitude and accuracy triple.<br /><br />\r\nThe flickr.places.findByLatLon method is not meant to be a (reverse) geocoder in the traditional sense. It is designed to allow users to find photos for \"places\" and will round up to the nearest place type to which corresponding place IDs apply.<br /><br />\r\nFor example, if you pass it a street level coordinate it will return the city that contains the point rather than the street, or building, itself.<br /><br />\r\nIt will also truncate latitudes and longitudes to three decimal points.\r\n\r\n"
    },
    "response": {
      "_content": "<places latitude=\"37.76513627957266\" longitude=\"-122.42020770907402\" accuracy=\"16\" total=\"1\">\r\n   <place place_id=\"Y12JWsKbApmnSQpbQg\" woeid=\"23512048\"\r\n      latitude=\"37.765\" longitude=\"-122.424\" \r\n      place_url=\"/United+States/California/San+Francisco/Mission+Dolores\"\r\n      place_type=\"neighbourhood\" place_type_id=\"22\" \r\n      timezone=\"America/Los_Angeles\"\r\n      name=\"Mission Dolores, San Francisco, CA, US, United States\"/>\r\n</places>"
    }
  },
  "arguments": {
    "argument": [
      {
        "name": "api_key",
        "optional": 0,
        "_content": "Your API application key. <a href=\"/services/api/misc.api_keys.html\">See here</a> for more details."
      },
      {
        "name": "lat",
        "optional": "0",
        "_content": "The latitude whose valid range is -90 to 90. Anything more than 4 decimal places will be truncated."
      },
      {
        "name": "lon",
        "optional": "0",
        "_content": "The longitude whose valid range is -180 to 180. Anything more than 4 decimal places will be truncated."
      },
      {
        "name": "accuracy",
        "optional": "1",
        "_content": "Recorded accuracy level of the location information. World level is 1, Country is ~3, Region ~6, City ~11, Street ~16. Current range is 1-16. The default is 16."
      }
    ]
  },
  "errors": {
    "error": [
      {
        "code": "1",
        "message": "Required arguments missing",
        "_content": "One or more required parameters was not included with the API request."
      },
      {
        "code": "2",
        "message": "Not a valid latitude",
        "_content": "The latitude argument failed validation."
      },
      {
        "code": "3",
        "message": "Not a valid longitude",
        "_content": "The longitude argument failed validation."
      },
      {
        "code": "4",
        "message": "Not a valid accuracy",
        "_content": "The accuracy argument failed validation."
      },
      {
        "code": 100,
        "message": "Invalid API Key",
        "_content": "The API key passed was not valid or has expired."
      },
      {
        "code": 105,
        "message": "Service currently unavailable",
        "_content": "The requested service is temporarily unavailable."
      },
      {
        "code": 106,
        "message": "Write operation failed",
        "_content": "The requested operation failed due to a temporary issue."
      },
      {
        "code": 111,
        "message": "Format \"xxx\" not found",
        "_content": "The requested response format was not found."
      },
      {
        "code": 112,
        "message": "Method \"xxx\" not found",
        "_content": "The requested method was not found."
      },
      {
        "code": 114,
        "message": "Invalid SOAP envelope",
        "_content": "The SOAP envelope send in the request could not be parsed."
      },
      {
        "code": 115,
        "message": "Invalid XML-RPC Method Call",
        "_content": "The XML-RPC request document could not be parsed."
      },
      {
        "code": 116,
        "message": "Bad URL found",
        "_content": "One or more arguments contained a URL that has been used for abuse on Flickr."
      }
    ]
  },
  "stat": "ok"
}