{
  "method": {
    "name": "flickr.photos.notes.add",
    "needslogin": 1,
    "needssigning": 1,
    "requiredperms": "2",
    "description": {
      "_content": "Add a note to a photo. Coordinates and sizes are in pixels, based on the 500px image size shown on individual photo pages."
    },
    "response": {
      "_content": "<note id=\"1234\" />"
    }
  },
  "arguments": {
    "argument": [
      {
        "name": "api_key",
        "optional": 0,
        "_content": "Your API application key. <a href=\"/services/api/misc.api_keys.html\">See here</a> for more details."
      },
      {
        "name": "photo_id",
        "optional": "0",
        "_content": "The id of the photo to add a note to"
      },
      {
        "name": "note_x",
        "optional": "0",
        "_content": "The left coordinate of the note"
      },
      {
        "name": "note_y",
        "optional": "0",
        "_content": "The top coordinate of the note"
      },
      {
        "name": "note_w",
        "optional": "0",
        "_content": "The width of the note"
      },
      {
        "name": "note_h",
        "optional": "0",
        "_content": "The height of the note"
      },
      {
        "name": "note_text",
        "optional": "0",
        "_content": "The description of the note"
      }
    ]
  },
  "errors": {
    "error": [
      {
        "code": "1",
        "message": "Photo not found",
        "_content": "The photo id passed was not a valid photo id"
      },
      {
        "code": "2",
        "message": "User cannot add notes",
        "_content": "The calling user does not have permission to add a note to this photo"
      },
      {
        "code": "3",
        "message": "Missing required arguments",
        "_content": "One or more of the required arguments were not supplied."
      },
      {
        "code": "4",
        "message": "Maximum number of notes reached",
        "_content": "The maximum number of notes for the photo has been reached."
      },
      {
        "code": 95,
        "message": "SSL is required",
        "_content": "SSL is required to access the Flickr API."
      },
      {
        "code": 96,
        "message": "Invalid signature",
        "_content": "The passed signature was invalid."
      },
      {
        "code": 97,
        "message": "Missing signature",
        "_content": "The call required signing but no signature was sent."
      },
      {
        "code": 98,
        "message": "Login failed / Invalid auth token",
        "_content": "The login details or auth token passed were invalid."
      },
      {
        "code": 99,
        "message": "User not logged in / Insufficient permissions",
        "_content": "The method requires user authentication but the user was not logged in, or the authenticated method call did not have the required permissions."
      },
      {
        "code": 100,
        "message": "Invalid API Key",
        "_content": "The API key passed was not valid or has expired."
      },
      {
        "code": 105,
        "message": "Service currently unavailable",
        "_content": "The requested service is temporarily unavailable."
      },
      {
        "code": 106,
        "message": "Write operation failed",
        "_content": "The requested operation failed due to a temporary issue."
      },
      {
        "code": 111,
        "message": "Format \"xxx\" not found",
        "_content": "The requested response format was not found."
      },
      {
        "code": 112,
        "message": "Method \"xxx\" not found",
        "_content": "The requested method was not found."
      },
      {
        "code": 114,
        "message": "Invalid SOAP envelope",
        "_content": "The SOAP envelope send in the request could not be parsed."
      },
      {
        "code": 115,
        "message": "Invalid XML-RPC Method Call",
        "_content": "The XML-RPC request document could not be parsed."
      },
      {
        "code": 116,
        "message": "Bad URL found",
        "_content": "One or more arguments contained a URL that has been used for abuse on Flickr."
      }
    ]
  },
  "stat": "ok"
}